metric,AUROC_baseline,AUROC_plusKRL
tsmi,0.5015781470693169,0.685500244977054
te,0.4946213103767637,0.6103363516624228
gc,0.509064761914071,0.545509986022257
