{
  "adj_H": 0.015306122448979591,
  "mi_H": 0.9252585622152242,
  "mod_H": 0.3456790131687244,
  "adj_S": 0.0,
  "mi_S": 0.8910323081675635,
  "mod_S": 0.0
}