{
  "adj_H": 0.07936507936507936,
  "mi_H": 1.4925637292043394,
  "mod_H": 0.09218750055343754,
  "adj_S": 0.04857142857142858,
  "mi_S": 1.2972716949612293,
  "mod_S": 1.6470588199496698e-09
}