{
  "adj_H": 0.18650793650793648,
  "mi_H": 1.8510241911372811,
  "mod_H": 0.116794929946717,
  "adj_S": 0.002962962962962963,
  "mi_S": 1.0466469672081924,
  "mod_S": 2.6999998507387892e-08
}