{
  "adj_H": 0.08974358974358976,
  "mi_H": 0.808526311883233,
  "mod_H": 6.19047857813005e-10,
  "adj_S": 0.016,
  "mi_S": 0.7067107804241102,
  "mod_S": 4.999999833590343e-09
}