{
  "adj_H": 0.12393162393162394,
  "mi_H": 1.7247605045502896,
  "mod_H": 0.15873959597896592,
  "adj_S": 0.03384615384615385,
  "mi_S": 1.2331172113618174,
  "mod_S": 0.21487603397595795
}