{
  "adj_H": 0.18287037037037038,
  "mi_H": 0.9358100256490186,
  "mod_H": 3.037976367437039e-10,
  "adj_S": 0.0,
  "mi_S": 0.3593019850671261,
  "mod_S": 0.0
}