mean,std,min,max
3397.2127848386763,938.4213833191739,2509.193848848343,5115.814995765686
