src,score
0,-14.066276007147941
1,15.058889865843735
