src,score
0,-38.743322170482195
1,38.74332217048262
