recall,precision,threshold
1.0,0.5,
0.631578947368421,0.549618320610687,-0.24227187025978947
0.32456140350877194,0.6379310344827587,-0.07428989909968264
0.0,1.0,0.49868162154269685
