src,score
0,-6.048191580095611
1,6.048191580095611
