src,score
0,-18.922462179576023
1,16.22123091586924
