src,score
0,-19.340724345219744
1,9.256037293940444
