src,score
0,-5.675654977679727
1,5.675654977679733
