fpr,tpr,threshold
0.0,0.0,inf
0.18421052631578946,0.32456140350877194,0.49868162154269685
0.5175438596491229,0.631578947368421,-0.07428989909968264
1.0,1.0,-0.24227187025978947
