src,score
0,-7.502171068761596
1,13.983159902365482
