src,score
0,-7.867911091939145
1,7.867911091939154
