pair,delta_mean,cliffs_delta,perm_p
tsmi_only vs tsmi_plus_krl,0.01644976635514016,0.3199999999968,0.00039996000399960006
te_only vs te_plus_krl,0.2521842456608812,0.99999999999,0.0006999300069993001
gc_only vs gc_plus_krl,0.18590670894526035,0.99999999999,0.0008999100089991
tsmi_te vs tsmi_te_plus_krl,-0.009886682242990608,-0.21999999999779998,0.9598040195980402
